-- ============================================================
--  DB RELAZIONALE - Negozio di elettronica
--  Popolamento con dati di esempio (dataset esteso)
-- ============================================================

-- ---------------------- CATEGORIE ---------------------------
INSERT INTO categorie (codice_categoria, nome) VALUES
(1,'Smartphone'),
(2,'Notebook'),
(3,'Accessori'),
(4,'Tablet'),
(5,'Audio'),
(6,'Gaming'),
(7,'Wearable');

-- ---------------------- FORNITORI ---------------------------
INSERT INTO fornitori (codice_fornitore, ragione_sociale, telefono, email) VALUES
(1,'TechParts S.p.A.','080-1112233','ordini@techparts.it'),
(2,'MobileWorld S.r.l.','06-4455667','info@mobileworld.it'),
(3,'NoteDistribuzione','011-9988776','commerciale@notedistr.it'),
(4,'AudioImport S.r.l.','02-3344556','vendite@audioimport.it'),
(5,'GameSupply Italia','051-7766554','ordini@gamesupply.it'),
(6,'SmartWear Distribuzione','049-2233445','info@smartwear.it'),
(7,'AccessoriPro S.r.l.','095-6677889','vendite@accessoripro.it');

-- ----------------------- CLIENTI ----------------------------
INSERT INTO clienti (codice_cliente, nome, cognome, email, telefono, citta) VALUES
(1,'Marco','Rossi','marco.rossi@email.it','333-1234567','Lecce'),
(2,'Anna','Bianchi','anna.bianchi@email.it','347-7654321','Roma'),
(3,'Luca','Verdi','luca.verdi@email.it','320-1112223','Milano'),
(4,'Sara','Esposito','sara.esposito@email.it','349-9988776','Napoli'),
(5,'Paolo','Greco','paolo.greco@email.it','388-5566778','Bari'),
(6,'Giulia','Ferrari','giulia.ferrari@email.it','333-4455661','Torino'),
(7,'Francesco','Russo','francesco.russo@email.it','340-9087654','Palermo'),
(8,'Chiara','Romano','chiara.romano@email.it','329-1230987','Bologna'),
(9,'Matteo','Colombo','matteo.colombo@email.it','347-4567123','Firenze'),
(10,'Elena','Ricci','elena.ricci@email.it','338-7654098','Genova'),
(11,'Davide','Marino','davide.marino@email.it','320-6549871','Venezia'),
(12,'Martina','Conti','martina.conti@email.it','333-3216549','Verona'),
(13,'Alessandro','Gallo','alessandro.gallo@email.it','349-8527413','Catania'),
(14,'Federica','Costa','federica.costa@email.it','340-1472583','Padova'),
(15,'Simone','De Luca','simone.deluca@email.it','388-9638527','Cagliari');

-- ----------------------- PRODOTTI ---------------------------
-- (codice, nome, descrizione, prezzo, qta, categoria, fornitore)
INSERT INTO prodotti (codice_prodotto, nome, descrizione, prezzo_unitario, quantita_disponibile, codice_categoria, codice_fornitore) VALUES
(1,'Galaxy S23','Smartphone Android 6.1", 128GB',799.00,25,1,2),
(2,'iPhone 14','Smartphone iOS 6.1", 128GB',899.00,18,1,2),
(3,'iPhone 15 Pro','Smartphone iOS 6.1", 256GB, titanio',1199.00,14,1,2),
(4,'Galaxy A54','Smartphone Android 6.4", 128GB',449.00,30,1,2),
(5,'Google Pixel 8','Smartphone Android 6.2", 128GB',799.00,16,1,2),
(6,'Xiaomi 13','Smartphone Android 6.36", 256GB',699.00,20,1,2),
(7,'ThinkPad X1','Notebook 14" Intel i7, 16GB RAM',1499.00,10,2,3),
(8,'MacBook Air M2','Notebook 13" Apple Silicon, 8GB RAM',1299.00,12,2,3),
(9,'MacBook Pro 14','Notebook 14" Apple M3 Pro, 18GB RAM',2199.00,7,2,3),
(10,'Dell XPS 13','Notebook 13.4" Intel i7, 16GB RAM',1399.00,9,2,3),
(11,'Asus ZenBook','Notebook 14" AMD Ryzen 7, 16GB RAM',999.00,13,2,3),
(12,'Mouse Wireless','Mouse ottico senza fili',25.00,80,3,1),
(13,'Cover Galaxy S23','Custodia protettiva in silicone',19.90,100,3,7),
(14,'Cover iPhone 14','Custodia protettiva MagSafe',24.90,90,3,7),
(15,'Power Bank 20000','Batteria portatile 20000 mAh',39.90,60,3,1),
(16,'Tastiera Meccanica','Tastiera meccanica retroilluminata',79.00,35,3,1),
(17,'Caricatore USB-C 65W','Alimentatore rapido GaN',34.90,70,3,1),
(18,'Zaino Notebook 15"','Zaino imbottito antiurto',49.90,45,3,7),
(19,'Hub USB-C 7in1','Adattatore multiporta',44.90,50,3,7),
(20,'iPad 10','Tablet 10.9", 64GB',589.00,15,4,2),
(21,'iPad Air','Tablet 10.9" M1, 256GB',779.00,11,4,2),
(22,'Galaxy Tab S9','Tablet Android 11", 128GB',899.00,10,4,2),
(23,'Cuffie BT Pro','Cuffie wireless over-ear',149.00,50,5,4),
(24,'AirPods Pro 2','Auricolari true wireless ANC',279.00,40,5,4),
(25,'Speaker Bluetooth','Cassa portatile resistente allacqua',79.00,40,5,4),
(26,'Soundbar 2.1','Barra audio con subwoofer',199.00,18,5,4),
(27,'PlayStation 5','Console next-gen 1TB',549.00,12,6,5),
(28,'Controller DualSense','Controller wireless',69.90,55,6,5),
(29,'Xbox Series X','Console next-gen 1TB',499.00,10,6,5),
(30,'Gioco FIFA 24','Videogioco calcistico',69.90,60,6,5),
(31,'Apple Watch S9','Smartwatch GPS 45mm',449.00,22,7,6),
(32,'Galaxy Watch 6','Smartwatch 44mm',329.00,20,7,6),
(33,'Fitbit Charge 6','Fitness tracker',159.00,30,7,6);

-- ------------------------ ORDINI ----------------------------
-- Anno di riferimento per le query: 2025
INSERT INTO ordini (codice_ordine, codice_cliente, data_ordine) VALUES
(1,1,'2025-04-28'),
(2,2,'2025-02-20'),
(3,3,'2025-11-23'),
(4,4,'2025-06-13'),
(5,5,'2025-11-15'),
(6,6,'2025-03-17'),
(7,7,'2025-10-15'),
(8,8,'2025-06-04'),
(9,9,'2025-02-28'),
(10,10,'2025-09-30'),
(11,11,'2025-02-25'),
(12,12,'2025-04-30'),
(13,13,'2025-08-29'),
(14,14,'2025-01-08'),
(15,15,'2025-04-26'),
(16,8,'2025-02-08'),
(17,1,'2025-01-21'),
(18,3,'2025-04-06'),
(19,3,'2025-08-10'),
(20,10,'2025-04-02'),
(21,9,'2025-09-06'),
(22,13,'2025-07-22'),
(23,1,'2025-08-11'),
(24,6,'2025-02-18'),
(25,1,'2025-12-10'),
(26,3,'2025-02-05'),
(27,7,'2025-09-16'),
(28,1,'2025-03-21'),
(29,2,'2025-01-04'),
(30,9,'2025-03-14'),
(31,7,'2025-06-25'),
(32,3,'2025-04-28'),
(33,8,'2025-04-09'),
(34,12,'2025-04-01'),
(35,1,'2025-06-21'),
(36,11,'2025-03-19'),
(37,10,'2025-07-20'),
(38,4,'2025-01-17'),
(39,2,'2025-11-07'),
(40,14,'2025-05-18'),
(41,4,'2025-01-10'),
(42,1,'2025-08-22'),
(43,1,'2025-05-17'),
(44,12,'2025-03-01'),
(45,8,'2025-10-07'),
(46,11,'2025-03-21'),
(47,10,'2025-07-08'),
(48,7,'2025-10-11'),
(49,14,'2025-09-14'),
(50,5,'2025-11-09'),
(51,8,'2025-05-15'),
(52,12,'2025-07-02'),
(53,8,'2025-10-13'),
(54,12,'2025-12-18'),
(55,8,'2025-01-13'),
(56,10,'2025-03-02'),
(57,1,'2025-07-09'),
(58,3,'2025-04-07'),
(59,3,'2025-10-20'),
(60,1,'2025-02-19');

-- --------------------- RIGHE_ORDINE -------------------------
-- (ordine, prodotto, quantita, prezzo_applicato)
INSERT INTO righe_ordine (codice_ordine, codice_prodotto, quantita, prezzo_applicato) VALUES
(1,2,1,809.10),
(1,14,1,24.90),
(2,23,1,149.00),
(2,25,1,79.00),
(3,20,1,559.55),
(4,5,1,799.00),
(4,17,1,34.90),
(5,2,1,899.00),
(5,14,1,24.90),
(6,11,1,999.00),
(6,15,1,35.11),
(7,20,1,500.65),
(7,30,1,69.90),
(8,6,1,699.00),
(8,15,1,39.90),
(8,23,1,149.00),
(9,17,1,34.90),
(9,22,1,899.00),
(10,1,1,799.00),
(10,13,1,16.91),
(10,17,1,30.71),
(11,17,1,34.90),
(11,20,1,500.65),
(12,20,1,589.00),
(12,24,1,279.00),
(13,11,1,999.00),
(13,12,2,23.75),
(13,18,1,49.90),
(14,1,1,799.00),
(14,13,1,19.90),
(14,17,1,34.90),
(15,10,1,1399.00),
(15,12,1,23.75),
(15,18,1,44.91),
(16,4,1,426.55),
(16,15,1,39.90),
(16,25,1,79.00),
(17,33,1,159.00),
(18,8,1,1299.00),
(18,12,1,25.00),
(19,8,1,1169.10),
(20,21,1,779.00),
(20,28,1,69.90),
(21,1,1,759.05),
(21,13,1,19.90),
(21,24,1,279.00),
(21,33,1,151.05),
(22,21,1,779.00),
(22,30,1,62.91),
(23,28,1,69.90),
(23,31,1,449.00),
(24,4,1,449.00),
(24,13,1,16.91),
(25,22,1,899.00),
(25,33,1,159.00),
(26,5,1,799.00),
(26,17,1,31.41),
(27,5,1,799.00),
(27,23,1,134.10),
(28,25,1,79.00),
(28,33,1,159.00),
(29,2,1,899.00),
(30,2,1,899.00),
(30,14,2,23.65),
(31,20,1,589.00),
(32,3,1,1199.00),
(32,17,1,34.90),
(32,24,1,279.00),
(33,3,1,1055.12),
(33,17,1,34.90),
(33,24,1,279.00),
(34,23,1,134.10),
(35,11,1,899.10),
(36,25,1,79.00),
(36,32,1,329.00),
(37,28,1,69.90),
(37,33,1,151.05),
(38,31,1,449.00),
(39,7,1,1499.00),
(39,12,1,25.00),
(39,16,1,79.00),
(39,19,1,44.90),
(40,2,1,899.00),
(40,14,1,24.90),
(41,6,1,699.00),
(42,4,1,426.55),
(43,23,1,134.10),
(43,33,1,146.28),
(44,1,1,799.00),
(45,24,1,279.00),
(46,23,1,149.00),
(47,3,1,1103.08),
(47,17,1,34.90),
(47,33,1,159.00),
(48,32,1,329.00),
(49,27,1,549.00),
(49,28,1,64.31),
(50,25,1,79.00),
(51,2,1,827.08),
(51,14,1,22.91),
(51,17,2,34.90),
(51,24,1,279.00),
(52,4,1,449.00),
(53,10,1,1399.00),
(53,18,1,49.90),
(54,26,1,175.12),
(55,7,1,1499.00),
(55,12,1,25.00),
(55,18,1,49.90),
(55,19,1,39.51),
(55,28,1,61.51),
(56,5,1,799.00),
(56,17,1,34.90),
(57,17,1,34.90),
(57,27,1,521.55),
(57,28,1,69.90),
(58,27,1,505.08),
(58,28,1,69.90),
(58,30,1,69.90),
(59,32,1,296.10),
(60,1,1,799.00),
(60,13,2,19.90);
